k,train_accuracy,test_accuracy
15,0.46035805626598464,0.42091836734693877
